experiment_id,deployment_mode,scenario,fault,tep_run,repetition,measurement_seconds,anomaly_events,decision_windows,normal_decisions,uncertain_decisions,anomaly_decisions,cloud_escalations,escalated_samples,estimated_sample_bytes,estimated_cloud_data_bytes,estimated_cloud_data_bytes_per_minute,classifier_accuracy,classifier_correct_count,classifier_ground_truth_count,detection_latency_ms_count,detection_latency_ms_mean,detection_latency_ms_median,detection_latency_ms_std,detection_latency_ms_p95,detection_latency_ms_min,detection_latency_ms_max,decision_time_ms_count,decision_time_ms_mean,decision_time_ms_median,decision_time_ms_std,decision_time_ms_p95,decision_time_ms_min,decision_time_ms_max,diagnosis_latency_ms_count,diagnosis_latency_ms_mean,diagnosis_latency_ms_median,diagnosis_latency_ms_std,diagnosis_latency_ms_p95,diagnosis_latency_ms_min,diagnosis_latency_ms_max,e2e_latency_ms_count,e2e_latency_ms_mean,e2e_latency_ms_median,e2e_latency_ms_std,e2e_latency_ms_p95,e2e_latency_ms_min,e2e_latency_ms_max,sensor-generator_cpu_count,sensor-generator_cpu_mean,sensor-generator_cpu_median,sensor-generator_cpu_std,sensor-generator_cpu_p95,sensor-generator_cpu_min,sensor-generator_cpu_max,sensor-generator_memory_count,sensor-generator_memory_mean,sensor-generator_memory_median,sensor-generator_memory_std,sensor-generator_memory_p95,sensor-generator_memory_min,sensor-generator_memory_max,detector_cpu_count,detector_cpu_mean,detector_cpu_median,detector_cpu_std,detector_cpu_p95,detector_cpu_min,detector_cpu_max,detector_memory_count,detector_memory_mean,detector_memory_median,detector_memory_std,detector_memory_p95,detector_memory_min,detector_memory_max,orchestrator_cpu_count,orchestrator_cpu_mean,orchestrator_cpu_median,orchestrator_cpu_std,orchestrator_cpu_p95,orchestrator_cpu_min,orchestrator_cpu_max,orchestrator_memory_count,orchestrator_memory_mean,orchestrator_memory_median,orchestrator_memory_std,orchestrator_memory_p95,orchestrator_memory_min,orchestrator_memory_max,classifier_cpu_count,classifier_cpu_mean,classifier_cpu_median,classifier_cpu_std,classifier_cpu_p95,classifier_cpu_min,classifier_cpu_max,classifier_memory_count,classifier_memory_mean,classifier_memory_median,classifier_memory_std,classifier_memory_p95,classifier_memory_min,classifier_memory_max,sensor-generator_processing_ms_count,sensor-generator_processing_ms_mean,sensor-generator_processing_ms_median,sensor-generator_processing_ms_std,sensor-generator_processing_ms_p95,sensor-generator_processing_ms_min,sensor-generator_processing_ms_max,detector_processing_ms_count,detector_processing_ms_mean,detector_processing_ms_median,detector_processing_ms_std,detector_processing_ms_p95,detector_processing_ms_min,detector_processing_ms_max,orchestrator_processing_ms_count,orchestrator_processing_ms_mean,orchestrator_processing_ms_median,orchestrator_processing_ms_std,orchestrator_processing_ms_p95,orchestrator_processing_ms_min,orchestrator_processing_ms_max,classifier_processing_ms_count,classifier_processing_ms_mean,classifier_processing_ms_median,classifier_processing_ms_std,classifier_processing_ms_p95,classifier_processing_ms_min,classifier_processing_ms_max
cfn-01,cloud_only,fault_alternate,0,1,1,299.68476915359497,96,9,8,0,1,1,95,979.398,2935106.635394926,587638.8,,0,0,96,3.4211724996566772,3.3882856369018555,0.22670972836850514,3.7105679512023926,3.0684471130371094,4.873514175415039,9,0.11168585883246528,0.09131431579589844,0.07193390313053116,0.22363662719726557,0.07224082946777344,0.3008842468261719,0,,,,,,,0,,,,,,,20,27.8464,6.4535,34.45276147728258,89.26559999999999,0.464,90.721,20,99094528.0,99117056.0,250880.54994569154,99422208.0,98492416.0,99500032.0,44,1.45675,1.3170000000000002,0.5837294341778402,2.03485,0.109,4.227,44,220425960.72727272,220413952.0,102912.70816917894,220678758.4,220266496.0,220696576.0,8,0.0,0.0,0.0,0.0,0.0,0.0,8,25423872.0,25444352.0,116902.69802092435,25564160.0,25223168.0,25628672.0,44,0.44870454545454547,0.0945,0.7100078145506882,1.8323500000000001,0.079,1.913,44,248192279.27272728,248172544.0,105388.47095772673,248377344.0,247984128.0,248393728.0,20,0.013566017150878906,0.009655952453613281,0.008915069727780134,0.022828578948974627,0.00667572021484375,0.044345855712890625,39,51.90371244381635,54.80194091796875,30.910002714551823,95.86241245269775,2.4330615997314453,101.09066963195801,8,0.09775161743164062,0.09953975677490234,0.01347976441310371,0.11485815048217773,0.08082389831542969,0.11777877807617188,0,,,,,,
cfn-02,cloud_only,fault_alternate,4,1,2,300.28742003440857,1624,31,14,0,17,17,1543,977.33,2934799.042222285,586398.0,0.9870382372002592,1523,1543,1624,3.425787969175818,3.3516883850097656,0.5133872680206963,3.8013100624084473,2.8018951416015625,16.901016235351562,31,0.22721290588378906,0.22602081298828125,0.17136361426181615,0.5376338958740234,0.06985664367675781,0.7445812225341797,17,11.985344045302448,12.028694152832031,0.9078708278992457,13.371706008911133,10.332107543945312,13.983964920043945,17,9982.261166853063,9994.1246509552,58.28202229153641,10039.580011367798,9846.444606781006,10045.708894729614,68,29.912573529411766,1.99,33.4709369053642,84.5584,0.639,89.822,68,100129189.64705883,100128768.0,118074.91713413049,100307968.0,99856384.0,100368384.0,157,1.60756050955414,1.314,1.2473093417719334,3.7805999999999997,0.35,8.973,157,220668634.4968153,220663808.0,177941.65270119766,220831744.0,220336128.0,222167040.0,31,0.0,0.0,0.0,0.0,0.0,0.0,31,27009156.129032258,26992640.0,145913.77009904216,27230208.0,26705920.0,27312128.0,157,0.46611464968152866,0.097,0.6858436875077787,1.8422,0.079,2.096,157,259672442.29299363,259670016.0,100723.67627371973,259846144.0,259366912.0,259874816.0,68,0.013098997228285846,0.009655952453613281,0.006000806780592153,0.021922588348388672,0.0064373016357421875,0.026941299438476562,79,50.63234703450264,52.00982093811035,28.814704427776338,95.21713256835936,1.9598007202148438,101.52125358581543,31,6.580591201782227,10.080575942993164,6.033323661982567,13.274192810058594,0.07772445678710938,13.555526733398438,17,4.196377361522002,4.186153411865234,0.29640315172657916,4.568195343017578,3.4880638122558594,4.574298858642578
cfn-03,cloud_only,fault_alternate,4,1,3,300.17845702171326,1629,31,12,2,17,17,1523,977.33,2933734.1140103103,586398.0,0.9875246224556796,1504,1523,1629,3.4265253278944225,3.324747085571289,0.8032404397436135,3.8089275360107417,2.8679370880126953,19.74177360534668,31,0.2200834212764617,0.24199485778808594,0.16385121322195495,0.3376007080078125,0.07176399230957031,0.9014606475830078,17,12.123192057890051,12.054204940795898,1.230565692450529,14.536762237548828,9.660482406616211,14.84537124633789,17,9981.402228860294,9982.269525527954,47.42782543402443,10046.225118637085,9875.972032546997,10051.62787437439,68,32.712676470588235,1.3475000000000001,38.26303016355019,88.7495,0.068,91.033,68,101474605.1764706,101472256.0,115181.07177635778,101670912.0,101212160.0,101724160.0,158,2.050607594936709,1.308,4.529585211582462,4.4103,0.351,51.911,158,220662278.48101267,220667904.0,129171.22389849817,220835840.0,220348416.0,220946432.0,31,0.0,0.0,0.0,0.0,0.0,0.0,31,27011138.06451613,26988544.0,115851.75216569823,27217920.0,26783744.0,27254784.0,157,0.46403184713375795,0.095,0.6759921902558866,1.839,0.076,1.86,157,259871737.477707,259842048.0,151041.3794260718,260070604.8,259629056.0,261251072.0,68,0.013018355650060317,0.01609325408935547,0.005261703837013797,0.019466876983642578,0.0069141387939453125,0.021457672119140625,82,52.47326304272907,55.06002902984619,31.85485092517375,99.49951171875,1.9321441650390625,101.4413833618164,31,6.519863682408487,10.43701171875,5.992762022895549,13.64445686340332,0.080108642578125,14.264106750488281,17,4.390506183399873,4.239320755004883,0.5214745744163533,5.114316940307616,3.935098648071289,6.209135055541992
cfn-04,cloud_only,fault_alternate,4,1,4,299.8193700313568,1619,32,13,1,18,18,1590,977.33,2930224.6491274596,586398.0,0.9842767295597484,1565,1590,1619,3.439688844545304,3.374814987182617,0.3768925811350106,3.809523582458496,2.92205810546875,10.487794876098633,32,0.20372122526168823,0.25200843811035156,0.11146716910168919,0.3513455390930176,0.06723403930664062,0.35762786865234375,18,12.536287307739258,11.948943138122559,2.5105766552880038,17.72111654281616,9.745121002197266,19.687891006469727,18,9557.184855143229,9988.556504249573,1242.2408528194262,10041.300094127655,5978.6083698272705,10043.902397155762,68,28.765338235294116,1.326,35.20336411316239,86.8316,0.078,92.256,68,101538936.47058824,101533696.0,209325.11253189776,101685862.4,101253120.0,102936576.0,157,1.7314585987261146,1.313,1.6223485251501903,4.345,0.031,12.152,157,220649772.0254777,220631040.0,171126.3982659792,220819456.0,220385280.0,222162944.0,32,0.0,0.0,0.0,0.0,0.0,0.0,32,27085312.0,27115520.0,165217.43561821213,27322163.2,26705920.0,27418624.0,157,0.48400636942675157,0.094,0.7766252561053554,2.1454,0.076,2.459,157,259851674.9044586,259842048.0,168546.38731045966,260055040.0,259584000.0,261328896.0,68,0.013824771432315601,0.01633167266845703,0.006532153799948292,0.021505355834960934,0.0064373016357421875,0.045299530029296875,77,44.05169982414741,42.183637619018555,29.625693781630645,91.60013198852539,1.935720443725586,101.04107856750488,32,7.11282342672348,10.110259056091309,6.51674659404653,15.576255321502684,0.07510185241699219,18.8901424407959,18,4.453579584757487,4.115462303161621,1.1694213699669542,6.462383270263668,3.612041473388672,8.48245620727539
cfn-05,cloud_only,fault_alternate,4,1,5,300.1344840526581,1619,32,13,1,18,18,1584,977.33,2933304.352991843,586398.0,0.9842171717171717,1559,1584,1619,3.4507183913760455,3.3371448516845703,0.8969111390321287,4.056453704833983,2.971172332763672,34.006595611572266,32,0.20429491996765137,0.23508071899414062,0.11231122134763816,0.35599470138549805,0.07104873657226562,0.38123130798339844,18,12.218236923217773,12.209892272949219,1.318735633556891,14.166104793548582,9.613990783691406,15.011787414550781,18,9526.791161961026,9986.340880393982,1369.6870943929896,10055.632972717285,5749.866962432861,10084.115028381348,68,26.779176470588236,1.3175,35.11461137217867,87.45054999999999,0.735,88.981,68,101483158.58823529,101472256.0,108170.17224038467,101654528.0,101208064.0,101699584.0,158,1.5546392405063292,1.2995,1.4936167629712513,3.2639500000000012,0.036,14.887,158,220672725.87341774,220657664.0,112260.7307408993,220840550.4,220356608.0,220852224.0,32,0.0,0.0,0.0,0.0,0.0,0.0,32,27121664.0,27115520.0,141832.37706714263,27338137.6,26849280.0,27402240.0,157,0.4701847133757962,0.097,0.6924245476034162,1.8424,0.078,2.478,157,259871085.24840763,259850240.0,125067.27571896983,260071424.0,259624960.0,260108288.0,68,0.019602915819953468,0.017642974853515625,0.027340058856585813,0.033545494079589816,0.00667572021484375,0.2033710479736328,75,51.551806131998696,55.06181716918945,31.93820722190235,97.62411117553711,1.9581317901611328,100.70967674255371,32,6.6904425621032715,9.969711303710938,6.001317281459687,13.774728775024414,0.07939338684082031,14.507532119750977,18,4.522840181986491,4.313945770263672,0.678519171484786,5.894958972930907,3.854513168334961,6.554603576660156
cfs-01,cloud_only,fault_sustained,4,1,1,306.09328293800354,2225,32,8,1,23,23,2138,977.33,2991541.48213799,586398.0,0.9883068288119738,2113,2138,2225,3.609426048364532,3.4868717193603516,0.9273861573702895,3.896188735961914,3.0694007873535156,25.716543197631836,32,0.2774447202682495,0.3104209899902344,0.13850136260514473,0.38930177688598633,0.0705718994140625,0.7879734039306641,23,14.888908552086871,13.90385627746582,3.6047946781913276,17.059946060180664,12.417316436767578,30.64894676208496,23,10001.826846081278,9998.180866241455,28.8718219814346,10042.152571678162,9950.518369674683,10052.018642425537,67,20.436805970149255,1.319,31.810434045431567,85.3608,0.068,92.759,67,116702987.46268657,116690944.0,465728.3600450507,117204582.4,116035584.0,119291904.0,161,2.9619565217391304,1.463,5.407763573497627,9.901,0.344,42.932,161,222208890.4347826,222203904.0,282330.26197422546,222347264.0,221851648.0,225411072.0,32,0.0,0.0,0.0,0.0,0.0,0.0,32,24107008.0,24492032.0,686940.9608018398,24675737.6,22847488.0,24772608.0,161,0.5563664596273292,0.105,0.8705032358458022,2.45,0.091,2.556,161,244805275.82608697,245895168.0,2009142.8208981236,246259712.0,241909760.0,256475136.0,67,0.015611079201769473,0.017404556274414062,0.007061225673001069,0.01995563507080078,0.0064373016357421875,0.050067901611328125,50,47.28302478790283,47.56319522857666,27.789497283848625,91.63137674331665,2.1848678588867188,98.01411628723145,32,9.923696517944336,13.466596603393555,6.30755285237988,15.368616580963135,0.07891654968261719,16.736984252929688,23,5.807845488838527,5.070924758911133,3.3895700356161567,6.54022693634033,4.027843475341797,21.18849754333496
cfs-02,cloud_only,fault_sustained,4,1,2,299.46064805984497,2210,32,8,0,24,24,2188,977.33,2926718.751683283,586398.0000000001,0.9872029250457038,2160,2188,2210,3.6769628524780273,3.495454788208008,1.6294699651699542,4.029715061187737,3.074169158935547,57.02805519104004,32,0.28955191373825073,0.31006336212158203,0.16539056686185286,0.5529046058654783,0.07867813110351562,0.8268356323242188,24,13.979136943817139,14.007210731506348,1.3284084828188967,15.952444076538086,10.303258895874023,16.002178192138672,24,9796.535044908524,10000.777006149292,1006.8893046129615,10043.507719039917,5071.563243865967,10045.66764831543,66,19.194939393939393,1.3135,28.931366813349452,80.12100000000001,0.068,99.52,66,118395935.03030303,118380544.0,283683.96822601836,118551552.0,118099968.0,120479744.0,159,3.024232704402516,1.451,8.413279288257034,8.876499999999998,0.033,88.556,159,222191435.67295596,222187520.0,168927.25925284284,222351360.0,221880320.0,223498240.0,32,0.0,0.0,0.0,0.0,0.0,0.0,32,24583296.0,24582144.0,101215.80043426217,24759091.2,24367104.0,24813568.0,158,0.5464113924050633,0.106,0.7748262277320562,2.11675,0.088,2.162,158,246287061.87341774,246198272.0,748690.6863959134,246415360.0,245993472.0,255528960.0,66,0.015666990569143585,0.01728534698486328,0.009325302941944207,0.02002716064453125,0.00667572021484375,0.07843971252441406,51,49.94899151371975,53.32517623901367,29.626516713722797,93.2924747467041,2.058744430541992,100.69799423217773,32,9.983666241168976,13.186812400817871,5.889701820305384,14.871621131896973,0.08749961853027344,16.13926887512207,24,5.18186887105306,4.981040954589844,0.6388256679716494,6.400644779205321,4.184961318969727,6.700754165649414
cfs-03,cloud_only,fault_sustained,4,1,3,303.5045528411865,2236,32,8,0,24,24,2216,977.33,2966241.0462827682,586398.0,0.9873646209386282,2188,2216,2236,3.5163326212246644,3.407716751098633,0.7168529919124133,3.9457082748413086,3.027677536010742,21.415233612060547,32,0.2931654453277588,0.29075145721435547,0.17881968447966293,0.7340550422668457,0.06747245788574219,0.7872581481933594,24,13.32781712214152,13.40794563293457,0.9360720124439895,14.71775770187378,11.664390563964844,14.911413192749023,24,9649.836798508963,9985.392689704895,714.9909548538884,10047.338271141052,7960.579633712769,10047.693967819214,68,13.47325,1.306,25.124687863732756,73.79084999999999,0.066,89.723,68,118378134.58823529,118374400.0,112025.55874631884,118554624.0,118124544.0,118624256.0,160,3.572675,1.4035,8.732194792474036,15.047099999999974,0.113,66.999,160,222205721.6,222203904.0,220718.7376792168,222355456.0,221888512.0,224464896.0,32,0.0,0.0,0.0,0.0,0.0,0.0,32,24674816.0,24651776.0,128859.78284791924,24904908.8,24408064.0,24973312.0,161,0.5203354037267081,0.102,0.7309152989924634,2.0,0.086,2.063,161,246249255.7515528,246202368.0,472040.20986388216,246427648.0,245952512.0,252026880.0,68,0.01643685733570772,0.01811981201171875,0.006133511453426284,0.021839141845703125,0.00667572021484375,0.04267692565917969,47,46.86815687950621,45.61758041381836,27.852590458439092,88.62102031707762,2.023458480834961,100.89492797851562,32,9.626999497413635,12.46345043182373,5.6759419743694055,14.229178428649902,0.07581710815429688,14.26076889038086,24,4.817346731821696,4.792332649230957,0.46248130013803496,5.713295936584473,4.246711730957031,5.968332290649414
cfs-04,cloud_only,fault_sustained,4,1,4,300.8467059135437,2214,32,9,0,23,23,2140,977.33,2940265.1109048366,586397.9999999999,0.9878504672897196,2114,2140,2214,3.5945455987063633,3.4487247467041016,1.2431669575118283,3.9065957069396973,2.9249191284179688,30.674457550048828,32,0.30034780502319336,0.31054019927978516,0.19201812210747884,0.7673263549804688,0.08368492126464844,0.8051395416259766,23,13.820233552352242,13.264179229736328,2.504184488224588,15.486097335815428,11.737346649169922,24.515867233276367,23,9996.60443223041,9990.891218185425,31.548901547908848,10040.810132026672,9925.794839859009,10049.478769302368,68,20.66308823529412,1.3475000000000001,34.39606180890841,87.30455,0.465,156.86,68,118399698.8235294,118380544.0,176694.98432440357,118584320.0,118120448.0,119463936.0,162,2.5011666666666668,1.374,4.904638469084379,7.977349999999984,0.034,51.737,162,222170883.16049382,222187520.0,134639.7930501335,222351360.0,221859840.0,222359552.0,32,0.0,0.0,0.0,0.0,0.0,0.0,32,24574592.0,24598528.0,105390.59056732262,24719360.0,24363008.0,24768512.0,162,0.5225802469135803,0.102,0.83985536116758,2.33685,0.078,2.568,162,246389797.92592594,246288384.0,685814.2504712269,246546227.2,246050816.0,252424192.0,68,0.015136073617374195,0.017762184143066406,0.004906831284292446,0.019943714141845703,0.0069141387939453125,0.0209808349609375,53,50.266958632559145,49.33619499206543,30.96972976556779,93.49656105041504,2.097606658935547,101.02486610412598,32,9.775280952453613,12.626051902770996,6.438437233790977,17.261135578155514,0.09322166442871094,20.69711685180664,23,5.033099133035411,4.749774932861328,1.0840521374663943,6.18607997894287,3.7086009979248047,9.325981140136719
cfs-05,cloud_only,fault_sustained,4,1,5,299.6841559410095,2217,32,8,1,23,23,2140,977.33,2928903.1612582686,586398.0000000001,0.9878504672897196,2114,2140,2217,3.529683501536533,3.4339427947998047,0.8149847465267799,3.876495361328125,2.920866012573242,26.561260223388672,32,0.30390918254852295,0.3085136413574219,0.19523851078463328,0.7777094841003418,0.06651878356933594,0.8499622344970703,23,13.193016466887102,13.129949569702148,0.8893385085763507,14.902448654174803,11.580228805541992,15.26951789855957,23,9994.032963462498,10010.642290115356,42.681786055511374,10049.352169036865,9883.97479057312,10051.378965377808,66,18.63860606060606,1.327,29.84877397450163,85.30375000000001,0.781,90.277,66,118899246.54545455,118892544.0,109204.86570311949,119085056.0,118640640.0,119111680.0,159,2.4728867924528304,1.385,4.889345182763932,6.208499999999999,0.361,37.101,159,222227140.42767295,222199808.0,262128.4033255327,222388224.0,221888512.0,225124352.0,32,0.0,0.0,0.0,0.0,0.0,0.0,32,24823552.0,24756224.0,374227.72466593806,25063424.0,24547328.0,26746880.0,159,0.5148805031446541,0.103,0.7344294898106575,2.0107,0.089,2.04,159,246446505.05660376,246378496.0,839439.8228065603,246616064.0,246079488.0,256827392.0,66,0.015739238623416786,0.017642974853515625,0.006608770404547409,0.02104043960571289,0.00667572021484375,0.04673004150390625,50,40.67483901977539,40.55750370025635,30.287189419730215,86.95570230484007,2.0384788513183594,97.16081619262695,32,9.47263091802597,12.626409530639648,6.0085354030395575,14.807939529418945,0.0743865966796875,15.025615692138672,23,4.636401715485946,4.462003707885742,0.41916211454597735,5.319476127624512,3.9451122283935547,5.699872970581055
cnf-01,cloud_only,fault_free,0,150,1,301.9258699417114,34,31,31,0,0,0,0,983.644,2969875.704129448,590186.4,,0,0,34,3.4839616102330826,3.4154653549194336,0.3563704917494233,3.6487221717834473,3.2258033752441406,5.418062210083008,31,0.09479830341954384,0.09012222290039062,0.019113149472889363,0.12886524200439453,0.07128715515136719,0.15926361083984375,0,,,,,,,0,,,,,,,65,60.011538461538464,67.097,29.456743271955638,87.5606,0.575,100.139,65,99808807.38461539,99778560.0,310725.11214997637,100302848.0,99364864.0,100401152.0,159,1.596559748427673,1.431,0.44676238397681284,2.4589000000000003,0.032,3.699,159,220421757.58490565,220418048.0,129252.62241995016,220610560.0,220155904.0,221257728.0,31,0.0,0.0,0.0,0.0,0.0,0.0,31,22826611.612903226,22798336.0,109465.44910417394,23021568.0,22536192.0,23027712.0,159,0.4971006289308176,0.103,0.7844912097430785,2.0982,0.086,2.118,159,241371586.81761006,241319936.0,445231.4799785151,241554227.2,241065984.0,246710272.0,65,0.010167635404146634,0.007867813110351562,0.004947621898124869,0.01988410949707031,0.00667572021484375,0.027418136596679688,156,50.414161804394844,50.78685283660889,29.66257132305119,96.97681665420532,2.104043960571289,100.42595863342285,31,0.10501184771137853,0.09918212890625,0.01990605616634992,0.13840198516845703,0.08058547973632812,0.171661376953125,0,,,,,,
cnf-02,cloud_only,fault_free,0,150,2,300.63129591941833,34,32,31,1,0,0,0,983.644,2957141.704433603,590186.3999999999,,0,0,34,3.5856821957756493,3.531813621520996,0.3731335506460018,3.91995906829834,3.234386444091797,5.544424057006836,32,0.09459257125854492,0.08869171142578125,0.017273687327659545,0.12257099151611328,0.06985664367675781,0.1392364501953125,0,,,,,,,0,,,,,,,66,65.06680303030303,71.8615,26.875107093722765,90.70125,0.567,96.586,66,100397862.78787878,100399104.0,107093.50246404238,100556800.0,100184064.0,100593664.0,159,1.5465471698113207,1.425,0.35281527239025917,2.2473,0.03,2.395,159,220500405.9371069,220479488.0,272604.10613282595,220663808.0,220241920.0,223604736.0,32,0.0,0.0,0.0,0.0,0.0,0.0,32,22785920.0,22771712.0,103252.56439774112,23010508.8,22593536.0,23023616.0,159,0.4853459119496855,0.102,0.7777170256543673,2.0975,0.092,2.143,159,241426972.9811321,241369088.0,458876.0745243528,241582080.0,241164288.0,246988800.0,66,0.009569254788485441,0.007987022399902344,0.0039012620105938318,0.018894672393798828,0.00667572021484375,0.02288818359375,158,48.15113242668441,45.767784118652344,29.491431997796855,93.87470483779907,2.128124237060547,99.61795806884766,32,0.10420382022857666,0.09882450103759766,0.017517911375982187,0.1325368881225586,0.07748603820800781,0.148773193359375,0,,,,,,
cnf-03,cloud_only,fault_free,0,150,3,300.04174304008484,34,32,31,1,0,0,0,983.644,2951342.602909212,590186.3999999999,,0,0,34,3.469712593976189,3.430485725402832,0.1807923969412276,3.6743402481079097,3.231048583984375,4.217624664306641,32,0.09282678365707397,0.0858306884765625,0.017924012838110695,0.12230873107910156,0.06270408630371094,0.13494491577148438,0,,,,,,,0,,,,,,,66,58.110136363636364,65.666,32.058444317496786,93.20975,0.655,98.27,66,100517639.75757575,100530176.0,160603.91175981896,100752384.0,100188160.0,100823040.0,159,1.583377358490566,1.425,0.39641077466300995,2.3302,0.028,3.391,159,220510581.5345912,220483584.0,264020.5095339025,220685107.2,220229632.0,223518720.0,32,0.0,0.0,0.0,0.0,0.0,0.0,32,22803072.0,22788096.0,123285.0099670704,23016448.0,22548480.0,23048192.0,159,0.4839496855345912,0.102,0.7740664757272706,2.0916,0.087,2.131,159,241417673.25786164,241340416.0,770318.4283376485,241562419.2,241094656.0,250822656.0,66,0.010212262471516928,0.008106231689453125,0.004535756916908902,0.02008676528930664,0.0069141387939453125,0.021696090698242188,156,54.11263001270783,57.15024471282959,29.823314070372128,98.60610961914062,2.172708511352539,101.00555419921875,32,0.10215491056442261,0.09608268737792969,0.018056959691037724,0.13186931610107422,0.07033348083496094,0.14448165893554688,0,,,,,,
cnf-04,cloud_only,fault_free,0,150,4,299.875834941864,34,31,31,0,0,0,0,983.644,2949710.657855549,590186.4,,0,0,34,3.4337885239545036,3.418564796447754,0.14493877961771925,3.5637378692626953,3.1991004943847656,4.068613052368164,31,0.09646723347325478,0.08702278137207031,0.022263978950558292,0.13518333435058594,0.06818771362304688,0.14019012451171875,0,,,,,,,0,,,,,,,66,51.880848484848485,60.9875,35.84798788827943,89.62075,0.105,101.537,66,100506158.54545455,100519936.0,103981.16520485544,100657152.0,100212736.0,100675584.0,159,1.5906603773584906,1.424,0.4532467798232105,2.2051,0.032,4.361,159,220509370.7672956,220508160.0,121359.7013755575,220692889.6,220246016.0,220807168.0,31,0.0,0.0,0.0,0.0,0.0,0.0,31,22808774.19354839,22794240.0,122038.9834584068,23013376.0,22548480.0,23044096.0,159,0.48153459119496855,0.101,0.7730092257123342,2.0883000000000003,0.087,2.134,159,241377820.9811321,241344512.0,216359.49218692884,241598464.0,241086464.0,243494912.0,66,0.013485099330092922,0.008106231689453125,0.014590877137022456,0.021576881408691406,0.0069141387939453125,0.09655952453613281,155,49.946105095647994,49.340248107910156,30.24380961191961,95.63999176025385,2.0825862884521484,101.24921798706055,31,0.10597321294969128,0.09679794311523438,0.02240203357599798,0.1443624496459961,0.07581710815429688,0.14925003051757812,0,,,,,,
cnf-05,cloud_only,fault_free,0,150,5,300.47812008857727,34,32,31,1,0,0,0,983.644,2955634.999564085,590186.4,,0,0,34,3.4707083421594955,3.390789031982422,0.34240595520150485,4.2395710945129395,3.1585693359375,4.868984222412109,32,0.12650340795516968,0.08928775787353516,0.1839215602224593,0.13675689697265622,0.07224082946777344,1.1301040649414062,0,,,,,,,0,,,,,,,66,55.39537878787879,63.4945,31.33846168909584,90.994,0.152,92.544,66,115683452.12121212,115693568.0,311112.6787903511,116178944.0,115159040.0,116326400.0,159,1.5294088050314465,1.387,0.3927632264785993,2.2241,0.031,3.961,159,221993591.1446541,221974528.0,133740.12454415666,222203904.0,221671424.0,222236672.0,32,0.0,0.0,0.0,0.0,0.0,0.0,32,22939776.0,22937600.0,157734.1219107893,23175372.8,22626304.0,23351296.0,159,0.4739811320754717,0.1,0.7444581452449124,1.9893,0.089,2.019,159,242150342.03773585,242081792.0,649469.2543928415,242303385.6,241811456.0,250114048.0,66,0.0095006191369259,0.007867813110351562,0.0037961385571573867,0.017881393432617188,0.0064373016357421875,0.020265579223632812,156,50.64229934643476,51.0789155960083,29.224802616551237,92.59378910064697,2.1092891693115234,100.91686248779297,32,0.13650953769683838,0.1004934310913086,0.18449325725071972,0.14684200286865234,0.08106231689453125,1.1432170867919922,0,,,,,,
efn-01,edge_only,fault_alternate,4,1,1,298.45002007484436,1615,31,14,0,17,17,1533,977.33,0.0,0.0,0.9843444227005871,1509,1533,1615,4.590547047901449,4.011869430541992,3.525065887078007,5.9616804122924805,3.699064254760742,61.31100654602051,31,0.2829720897059287,0.324249267578125,0.22640714796438746,0.7036924362182617,0.06437301635742188,0.9212493896484375,17,28.617199729470645,20.279645919799805,32.912207541408364,54.42786216735831,17.944812774658203,155.98273277282715,17,9946.74862132353,10007.313251495361,190.05464426421068,10071.043109893799,9417.14596748352,10083.117961883545,68,56.935514705882355,64.075,31.001054946177234,91.81694999999999,0.072,100.982,68,84391936.0,84447232.0,231300.75175388093,84657356.8,83456000.0,84660224.0,158,9.337120253164557,3.7800000000000002,38.61352425337141,15.98430000000001,0.073,403.378,158,243721954.83544305,243933184.0,1734036.817903252,244122214.4,231346176.0,245420032.0,31,0.0,0.0,0.0,0.0,0.0,0.0,31,23727335.225806452,23744512.0,105591.13747365659,23883776.0,23523328.0,23916544.0,157,1.5104267515923566,0.197,2.444665632329941,6.361799999999995,0.17,8.971,157,262047887.49044585,265375744.0,5673548.634930956,266002432.0,252542976.0,267948032.0,68,0.009887358721564798,0.008106231689453125,0.004698011961145444,0.019466876983642578,0.0069141387939453125,0.034809112548828125,77,46.931827223146115,45.17865180969238,29.896307589363534,95.62692642211914,2.9230117797851562,98.7551212310791,31,11.21180288253292,17.857074737548828,10.697747141339674,23.876547813415527,0.07224082946777344,34.111976623535156,17,14.826157513786764,7.148981094360352,29.532789617668577,35.42151451110831,6.506443023681641,129.30941581726074
efn-02,edge_only,fault_alternate,4,1,2,299.97034096717834,1629,31,14,0,17,17,1534,977.33,0.0,0.0,0.984354628422425,1510,1534,1629,4.983934761923175,4.017114639282227,7.019511875688018,6.287097930908198,3.7844181060791016,155.43889999389648,31,0.31031331708354337,0.2994537353515625,0.3116907148473186,0.9920597076416016,0.06794929504394531,1.39617919921875,17,58.59536283156451,20.663976669311523,124.06075971703798,227.17909812927218,17.99607276916504,523.72145652771,17,9600.203303729786,10000.375986099243,792.1227037132887,10225.738525390625,8197.150945663452,10560.164451599121,68,55.59347058823529,63.947500000000005,28.874661720559324,90.8123,0.063,92.096,68,84490902.58823529,84473856.0,165125.82149254886,84662681.6,84283392.0,85585920.0,158,8.267012658227848,3.717,26.40800692681999,24.032200000000003,0.071,277.969,158,243969840.60759494,243982336.0,215240.75438699036,244125696.0,243638272.0,246161408.0,31,0.16883870967741935,0.0,0.6700829350050233,1.022,0.0,3.19,31,23877301.677419353,23760896.0,570354.603097429,24016896.0,23506944.0,26890240.0,158,1.5449050632911392,0.196,2.365907476716248,6.107550000000001,0.165,9.642,158,265856090.7341772,265764864.0,536788.2857751693,266040524.8,265506816.0,272207872.0,68,0.00939649694106158,0.007987022399902344,0.0036525040848333222,0.018513202667236328,0.0069141387939453125,0.026941299438476562,75,56.05124155680338,64.81695175170898,32.588936346219576,99.5081901550293,2.9096603393554688,100.69727897644043,31,26.705241972400295,17.307758331298828,70.54666970860639,85.51990985870361,0.07700920104980469,380.13577461242676,17,19.244839163387525,7.975101470947266,33.336330355181666,89.36533927917478,6.060123443603516,129.75192070007324
efn-03,edge_only,fault_alternate,4,1,3,300.0519640445709,1616,32,14,0,18,18,1602,977.33,0.0,0.0,0.9843945068664169,1577,1602,1616,4.570867755625508,4.012823104858398,2.975242213431867,6.3700079917907715,3.755807876586914,60.373544692993164,32,0.26491284370422363,0.3222227096557617,0.19422741319771117,0.5140185356140134,0.06580352783203125,0.9229183197021484,18,21.306395530700684,20.47860622406006,3.3846404323457233,26.367413997650136,17.752647399902344,33.06174278259277,18,9655.66106637319,10027.894020080566,1072.348115460424,10058.680498600006,6667.080640792847,10062.178134918213,68,55.281308823529415,61.47,28.285588962630882,90.8946,0.068,101.695,68,84517526.58823529,84518912.0,116468.06421494766,84694220.8,84254720.0,84738048.0,157,5.369343949044586,3.773,6.976344592128474,15.016999999999985,0.07,63.191,157,243955072.81528664,243978240.0,125429.06367549163,244117504.0,243634176.0,244137984.0,32,0.0,0.0,0.0,0.0,0.0,0.0,32,23856128.0,23834624.0,88015.59059547898,24050278.4,23683072.0,24096768.0,157,1.488044585987261,0.195,2.278500548167445,6.066599999999999,0.175,6.922,157,265977908.17834395,265945088.0,200112.62060859575,266113843.2,265707520.0,268218368.0,68,0.01249243231380687,0.008106231689453125,0.02340257761262101,0.020873546600341793,0.0069141387939453125,0.19979476928710938,76,46.35522867503919,44.1514253616333,28.67307235117825,94.05642747879028,2.721071243286133,107.20634460449219,32,11.675536632537842,17.81439781188965,10.86920906834075,26.002526283264157,0.07486343383789062,32.51075744628906,18,7.6124270757039385,7.20369815826416,1.7905343383436791,10.755789279937739,5.890130996704102,13.484954833984375
efn-04,edge_only,fault_alternate,4,1,4,299.6181581020355,1618,31,12,3,16,16,1474,977.33,0.0,0.0,0.9871099050203528,1455,1474,1618,4.519067529694849,4.012346267700195,3.353653971612508,6.086063385009763,3.741025924682617,86.33971214294434,31,0.2512008913101689,0.30303001403808594,0.1562489174964883,0.4805326461791992,0.06818771362304688,0.6225109100341797,16,22.18244969844818,20.848512649536133,4.138785822289851,27.445673942565918,17.304182052612305,35.3546142578125,16,10017.551645636559,10015.270352363586,31.348557591347074,10061.971843242645,9967.004537582397,10062.943696975708,68,55.53060294117647,62.793,29.991080691581395,90.32915,0.078,97.877,68,84587158.58823529,84576256.0,226221.84549567645,84742144.0,84307968.0,86220800.0,158,8.484816455696203,3.8135000000000003,21.253041366120893,18.07625000000001,0.078,186.897,158,243977851.1392405,244000768.0,127902.81264166663,244133888.0,243646464.0,244310016.0,31,0.0,0.0,0.0,0.0,0.0,0.0,31,23836473.80645161,23834624.0,75012.65124116036,23945216.0,23674880.0,24096768.0,158,1.599367088607595,0.197,2.779431867792364,6.035100000000001,0.173,21.898,158,266133996.556962,266063872.0,747269.7497424176,266317824.0,265723904.0,274907136.0,68,0.009210670695585363,0.007867813110351562,0.0031535521046984027,0.01819133758544922,0.0069141387939453125,0.019788742065429688,83,45.84946115332914,41.831016540527344,29.687587620337162,96.63434028625487,2.9692649841308594,101.86529159545898,31,10.875632685999717,18.158435821533203,10.830146164459347,25.88176727294922,0.07605552673339844,27.73904800415039,16,7.919535040855408,7.387042045593262,1.9491197791494932,10.5094313621521,5.446910858154297,14.331579208374023
efn-05,edge_only,fault_alternate,4,1,5,299.7845630645752,1615,32,14,0,18,18,1602,977.33,0.0,0.0,0.9843945068664169,1577,1602,1615,4.572155158217108,4.027605056762695,3.4203383055577845,6.169366836547851,3.7429332733154297,71.08330726623535,32,0.2666264772415161,0.3075599670410156,0.18884405559666742,0.4903078079223632,0.06866455078125,0.881195068359375,18,20.21148469712999,19.951939582824707,2.4552955538047665,25.22871494293213,16.55125617980957,26.13377571105957,18,9655.077788564893,10014.878153800964,1072.866481571647,10075.336742401123,6624.2194175720215,10096.819877624512,68,57.07258823529412,63.8495,31.460229537375234,93.42245,0.502,97.284,68,84542403.76470588,84549632.0,98276.2758681411,84703641.6,84312064.0,84770816.0,157,5.090573248407643,3.721,6.407249424058679,12.803199999999984,0.274,51.11,157,243940280.25477707,243929088.0,122384.84110059025,244117504.0,243642368.0,244142080.0,32,0.0,0.0,0.0,0.0,0.0,0.0,32,23943808.0,23904256.0,89688.2470496481,24094515.2,23826432.0,24158208.0,157,1.6661783439490445,0.197,2.834439732327127,6.1896,0.164,20.061,157,266215710.98089173,266080256.0,979693.9555628275,266338304.0,265826304.0,276754432.0,68,0.009505187763887294,0.008106231689453125,0.003546836613988073,0.018024444580078125,0.00667572021484375,0.021457672119140625,81,49.8667675771831,45.51100730895996,30.652938377536262,98.89817237854004,2.8371810913085938,101.35054588317871,32,10.813891887664795,16.907095909118652,9.700516712906362,21.034610271453857,0.07677078247070312,23.761272430419922,18,7.400486204359266,7.161974906921387,0.9762728804081653,8.98686647415161,6.17527961730957,9.742975234985352
efs-01,edge_only,fault_sustained,4,1,1,300.1963860988617,2216,32,8,0,24,24,2212,977.33,0.0,0.0,0.9873417721518988,2184,2212,2216,4.731211421291751,4.012107849121094,4.304146594949259,6.145834922790527,3.6864280700683594,80.92689514160156,32,0.36215782165527344,0.3415346145629883,0.3042745164136401,0.882279872894287,0.06723403930664062,1.6362667083740234,24,29.073715209960938,20.3554630279541,30.69499713631553,53.0205488204956,17.406463623046875,166.9766902923584,24,9747.338771820068,9994.45903301239,712.457577551286,10053.910160064697,7519.188642501831,10060.05883216858,66,20.63581818181818,1.3904999999999998,33.86334564229457,87.5015,0.76,93.957,66,85408488.72727273,85374976.0,311349.1929525455,85943296.0,84832256.0,86016000.0,159,5.198452830188679,3.573,9.33714259526328,13.757599999999977,0.068,107.709,159,257898611.9245283,257925120.0,201350.9587241479,258035712.0,257536000.0,259891200.0,32,0.0,0.0,0.0,0.0,0.0,0.0,32,25929856.0,26308608.0,700527.631926568,26552524.8,24608768.0,26632192.0,158,1.4866645569620254,0.2,2.306622409003407,5.98205,0.166,8.279,158,347871283.84810126,351406080.0,5970185.362819588,351797248.0,337981440.0,362348544.0,66,0.020377563707756275,0.018477439880371094,0.02410469501090326,0.039696693420410156,0.0069141387939453125,0.1995563507080078,52,46.377920187436615,47.56951332092285,29.876797983316827,94.73041296005248,2.836942672729492,100.20160675048828,32,16.136839985847473,19.251227378845215,10.761908367695714,29.29043769836425,0.07510185241699219,44.6164608001709,24,14.160792032877604,7.285356521606445,28.98759068394039,21.86549901962278,6.244897842407227,149.24001693725586
efs-02,edge_only,fault_sustained,4,1,2,300.56691002845764,2213,31,8,0,23,23,2140,977.33,0.0,0.0,0.9869158878504672,2112,2140,2213,4.647972138823291,4.007101058959961,3.499452303245221,6.235170364379885,3.697633743286133,66.93863868713379,31,0.34628375884025325,0.3578662872314453,0.21543095038500598,0.7381439208984375,0.07295608520507812,0.9524822235107422,23,20.650708157083262,20.2944278717041,1.6671634520405227,23.95608425140381,18.043994903564453,24.17755126953125,23,10009.724824324898,10013.069152832031,45.85699807923386,10066.00706577301,9883.104801177979,10110.669612884521,67,21.200208955223882,1.367,32.16306591867463,82.48199999999999,0.116,98.752,67,85916106.50746268,85901312.0,118687.56409152984,86111846.4,85663744.0,86138880.0,159,8.42705031446541,3.734,18.33699082190193,22.70399999999993,1.137,120.454,159,257922621.18238994,257945600.0,182669.5512836993,258068889.6,257593344.0,259620864.0,31,0.08512903225806451,0.0,0.47397839204865894,0.0,0.0,2.639,31,26403344.51612903,26398720.0,98450.33409520795,26517504.0,26177536.0,26669056.0,159,1.5955911949685535,0.196,2.7608596836094748,6.0142,0.169,21.496,159,351825791.1949686,351744000.0,702824.2249419997,351973376.0,351481856.0,358215680.0,67,0.017899185863893424,0.01811981201171875,0.010963116355786371,0.02584457397460937,0.0073909759521484375,0.06866455078125,50,48.58680725097656,51.51176452636719,29.960246486503323,95.64019441604613,2.8541088104248047,100.51798820495605,31,14.664765327207503,19.181251525878906,8.846550211754485,22.36497402191162,0.08130073547363281,22.930622100830078,23,7.089977679045304,7.088422775268555,0.44641262372919904,7.9888105392456055,6.580352783203125,8.26263427734375
efs-03,edge_only,fault_sustained,4,1,3,299.87935304641724,2218,32,8,1,23,23,2142,977.33,0.0,0.0,0.9878618113912232,2116,2142,2218,4.929175884257146,4.009604454040527,4.860217076523265,8.622181415557863,3.726959228515625,87.50796318054199,32,0.36559998989105225,0.3733634948730469,0.24234500315944585,0.8918642997741699,0.07462501525878906,1.0426044464111328,23,21.178297374559484,20.369529724121094,4.719420729613701,23.885583877563473,17.410993576049805,41.74017906188965,23,10007.660409678583,10012.221574783325,51.36229593213795,10064.495134353638,9851.122617721558,10066.039323806763,66,14.282136363636363,1.3679999999999999,27.138936422040942,77.351,0.087,97.682,66,85950339.87878788,85905408.0,302718.82467894274,86099968.0,85696512.0,88207360.0,159,7.876974842767296,3.805,14.343194984606871,26.25299999999998,0.074,106.557,159,257930838.94339624,257945600.0,190294.03458722535,258064793.6,257589248.0,259858432.0,32,0.0,0.0,0.0,0.0,0.0,0.0,32,26431616.0,26425344.0,82914.73478140643,26575052.8,26275840.0,26685440.0,159,1.784874213836478,0.197,3.469801595287543,6.0127999999999995,0.17,28.698,159,351856678.6415094,351748096.0,529655.334972352,352006144.0,351494144.0,357695488.0,66,0.01697829275420218,0.018358230590820312,0.006046845214995092,0.022351741790771484,0.0069141387939453125,0.04792213439941406,50,40.4520320892334,34.5301628112793,32.54857792393142,97.79232740402222,2.841472625732422,100.90899467468262,32,15.157341957092285,19.10686492919922,10.268401750442143,25.831127166748043,0.08344650268554688,38.06352615356445,23,7.468296133953592,7.276296615600586,1.6001456197918429,8.3329439163208,6.153106689453125,14.321565628051758
efs-04,edge_only,fault_sustained,4,1,4,302.63321113586426,2228,31,8,0,23,23,2143,977.33,0.0,0.0,0.9878674755016332,2117,2143,2228,4.793439776079873,4.02069091796875,5.170239309037494,6.603252887725835,3.732442855834961,114.1357421875,31,0.3990511740407636,0.3597736358642578,0.3148069081703617,0.9669065475463867,0.080108642578125,1.6360282897949219,23,51.90634727478027,20.740509033203125,121.52216142544594,107.97600746154777,18.64147186279297,601.517915725708,23,10056.060065393862,10027.724027633667,131.1663517393848,10119.99545097351,9972.254276275635,10626.852989196777,67,17.97161194029851,1.363,30.08361318813265,82.92509999999997,0.517,87.154,67,86135762.14925373,86134784.0,128403.55622815901,86350643.2,85839872.0,86437888.0,159,8.042389937106918,3.474,26.121809945847676,20.1892,0.064,257.195,159,257933595.3710692,257949696.0,196350.27536537257,258064793.6,257576960.0,259833856.0,31,0.07612903225806451,0.0,0.42386851278318877,0.0,0.0,2.36,31,26446814.967741936,26431488.0,94444.9597735753,26621952.0,26206208.0,26693632.0,159,1.7579182389937107,0.195,3.3099394674348583,7.0773,0.167,23.174,159,351887617.6100629,351825920.0,687846.2783750847,352048332.8,351494144.0,360161280.0,67,0.016272957645245452,0.018358230590820312,0.004901849876853406,0.02179145812988281,0.00762939453125,0.024080276489257812,54,46.84192162972909,48.49529266357422,31.494801009664318,90.0577187538147,3.0002593994140625,97.9161262512207,31,35.70736608197612,19.42920684814453,99.01423028765171,76.24804973602295,0.08916854858398438,559.185266494751,23,21.267393360967223,7.481813430786133,52.163826747474374,52.622675895690875,6.716489791870117,255.60808181762695
efs-05,edge_only,fault_sustained,4,1,5,299.03404998779297,2204,32,8,0,24,24,2199,977.33,0.0,0.0,0.9872669395179627,2171,2199,2204,4.801330787084064,4.004359245300293,4.6617360783363315,6.685662269592284,3.7140846252441406,95.94988822937012,32,0.33041834831237793,0.3477334976196289,0.2010517660946043,0.6795167922973631,0.07367134094238281,0.9353160858154297,24,22.14948336283366,20.93338966369629,6.9551275696892745,24.69097375869751,17.307519912719727,53.7111759185791,24,9859.0021332105,10028.569221496582,831.4078071566529,10063.731670379639,5960.447788238525,10166.580200195312,67,14.09313432835821,1.32,26.044116199886638,75.56939999999994,0.148,91.895,67,86250205.6119403,86269952.0,105418.63335278227,86416179.2,86052864.0,86495232.0,158,8.960525316455696,3.7215,20.18469150445278,44.254900000000006,0.068,163.495,158,257921879.49367088,257933312.0,216768.5682993375,258060902.4,257597440.0,260096000.0,32,0.0,0.0,0.0,0.0,0.0,0.0,32,26472832.0,26486784.0,99862.65417093878,26616832.0,26222592.0,26640384.0,158,1.5099620253164556,0.196,2.2170012824639564,5.9701,0.17,6.091,158,352066106.3291139,351985664.0,669428.9266005179,352240844.8,351707136.0,358166528.0,67,0.017767521872449277,0.018358230590820312,0.007104514615201268,0.02553462982177733,0.0069141387939453125,0.04649162292480469,50,44.61899757385254,39.77394104003906,30.93541585917235,95.41534185409544,2.8429031372070312,99.2426872253418,32,16.182683408260345,19.638895988464355,10.915950651845082,24.735045433044434,0.08296966552734375,49.831390380859375,24,7.575233777364095,7.228374481201172,1.4235232737806442,9.260928630828856,6.202459335327148,13.319015502929688
enf-01,edge_only,fault_free,0,150,1,299.94857597351074,34,32,31,1,0,0,0,983.644,0.0,0.0,,0,0,34,5.21087646484375,4.08935546875,2.69846388201809,9.6021294593811,3.874063491821289,17.19355583190918,32,0.09533017873764038,0.08094310760498047,0.03548328891595314,0.15722513198852536,0.07104873657226562,0.24580955505371094,0,,,,,,,0,,,,,,,66,62.29845454545455,65.99350000000001,27.562936934716028,95.289,0.525,98.677,66,83085746.42424242,83050496.0,335799.66191278445,83586048.0,82403328.0,83648512.0,159,4.8055974842767295,3.794,3.6239243644122836,7.801799999999999,2.126,43.343,159,254762518.5408805,254742528.0,147829.5279782174,254964531.2,254480384.0,255901696.0,32,0.0,0.0,0.0,0.0,0.0,0.0,32,26832384.0,26839040.0,119561.69885366381,27023769.6,26603520.0,27070464.0,160,1.35744375,0.1935,2.2519818462433814,5.9371,0.17,6.059,160,338239769.6,338182144.0,591338.5775509364,338436300.8,337940480.0,345427968.0,66,0.009005719965154474,0.007867813110351562,0.003133757488238671,0.01823902130126953,0.00667572021484375,0.02193450927734375,156,53.13501755396525,53.456664085388184,29.02092322139732,97.66227006912231,2.9697418212890625,101.51910781860352,32,0.10465085506439209,0.09036064147949219,0.035776829654311344,0.16784667968749997,0.07891654968261719,0.255584716796875,0,,,,,,
enf-02,edge_only,fault_free,0,150,2,299.09999203681946,34,32,31,1,0,0,0,983.644,0.0,0.0,,0,0,34,5.96776429344626,4.015803337097168,5.890376668746724,22.268831729888916,3.9000511169433594,28.43928337097168,32,0.09402632713317871,0.08606910705566406,0.020591607870655285,0.1341104507446289,0.0705718994140625,0.156402587890625,0,,,,,,,0,,,,,,,66,60.55239393939394,70.4605,28.750802893874532,91.96724999999999,0.562,95.96,66,84214815.03030303,84211712.0,104766.75598636601,84412416.0,83996672.0,84451328.0,158,4.938,3.8015,3.6096580920360415,9.458550000000002,1.184,32.326,158,257795836.75949368,257765376.0,279083.5418652566,257991884.8,257531904.0,260993024.0,32,0.0,0.0,0.0,0.0,0.0,0.0,32,26993664.0,26906624.0,287212.2300136597,27137024.0,26763264.0,28463104.0,159,1.3219056603773585,0.194,2.245612207672161,5.9238,0.168,6.078,159,338204401.509434,338182144.0,224256.98998966828,338392268.8,337936384.0,340639744.0,66,0.009695688883463541,0.008106231689453125,0.004083175296779584,0.018835067749023438,0.007152557373046875,0.023603439331054688,154,50.354502417824484,50.05979537963867,30.879994604395463,97.44046926498413,2.8085708618164062,100.0370979309082,32,0.10354071855545044,0.09608268737792969,0.0208972248664818,0.14431476593017578,0.07891654968261719,0.1647472381591797,0,,,,,,
enf-03,edge_only,fault_free,0,150,3,299.62862396240234,34,32,31,1,0,0,0,983.644,0.0,0.0,,0,0,34,3.9850473403930664,3.963589668273926,0.0993317440737389,4.157555103302002,3.844022750854492,4.342079162597656,32,0.0903978943824768,0.0845193862915039,0.018276907183521377,0.13327598571777344,0.07224082946777344,0.141143798828125,0,,,,,,,0,,,,,,,66,62.08619696969697,75.027,31.64781307803344,93.88425,0.569,99.666,66,84507244.60606061,84344832.0,380959.84002079954,84959232.0,84045824.0,86581248.0,159,4.5261886792452835,3.78,1.7700800817534772,7.209599999999998,0.067,12.573,159,257805460.12578616,257777664.0,207498.73004384115,257994752.0,257544192.0,260026368.0,32,0.0,0.0,0.0,0.0,0.0,0.0,32,25920768.0,26767360.0,1148959.3537208831,27026227.2,24506368.0,27148288.0,159,1.3887358490566037,0.192,2.368136228261678,5.9273,0.174,11.193,159,338246726.8427673,338194432.0,400908.83550211886,338399232.0,337948672.0,342548480.0,66,0.011209285620487097,0.008106231689453125,0.01277562842329741,0.020265579223632812,0.0069141387939453125,0.102996826171875,157,50.31440060609465,50.35567283630371,30.24154134689059,99.22370910644531,2.9256343841552734,104.67314720153809,32,0.09974092245101929,0.09310245513916016,0.01869603128046112,0.14318227767944336,0.080108642578125,0.1499652862548828,0,,,,,,
enf-04,edge_only,fault_free,0,150,4,302.47367882728577,34,32,32,0,0,0,0,983.644,0.0,0.0,,0,0,34,4.120924893547507,4.02379035949707,0.37199206056095024,4.558992385864257,3.865480422973633,5.973100662231445,32,0.09842216968536377,0.08749961853027344,0.02846349738224439,0.15268325805664062,0.07033348083496094,0.19049644470214844,0,,,,,,,0,,,,,,,66,65.1321212121212,73.09700000000001,28.41777502605078,94.347,0.504,105.636,66,85035318.3030303,85037056.0,81998.9221694585,85167104.0,84791296.0,85270528.0,159,5.075465408805031,3.809,2.8846051740007375,10.878699999999998,0.083,20.628,159,257787762.3144654,257773568.0,239636.39709407583,257966489.6,257527808.0,260452352.0,32,0.0,0.0,0.0,0.0,0.0,0.0,32,24545024.0,24518656.0,123744.3322067331,24774451.2,24276992.0,24780800.0,160,1.51066875,0.192,2.85507696031679,6.05805,0.171,21.494,160,338285900.8,338206720.0,516169.74519546836,338436710.4,337965056.0,343891968.0,66,0.008882898272890034,0.008106231689453125,0.002732607720600025,0.01704692840576172,0.007152557373046875,0.019311904907226562,156,49.66723766082372,50.240278244018555,27.959119670340066,93.19889545440674,2.8982162475585938,99.81107711791992,32,0.10893493890762329,0.09918212890625,0.028641959982235968,0.1620650291442871,0.07963180541992188,0.20265579223632812,0,,,,,,
enf-05,edge_only,fault_free,0,150,5,304.0349931716919,34,32,31,1,0,0,0,983.644,0.0,0.0,,0,0,34,4.712539560654584,4.019737243652344,2.5266048617204797,7.138705253601067,3.817319869995117,17.879009246826172,32,0.08949637413024902,0.08285045623779297,0.017424272848020315,0.11824369430541992,0.06890296936035156,0.1423358917236328,0,,,,,,,0,,,,,,,66,64.944,76.132,32.134964072941344,96.231,0.092,117.186,66,85097130.66666667,85071872.0,274978.6860993095,85227520.0,84815872.0,87154688.0,160,4.60190625,3.8025,2.0196774005955542,6.922149999999999,0.067,16.528,160,257810483.2,257800192.0,172101.9008631644,257990860.8,257552384.0,259506176.0,32,0.0,0.0,0.0,0.0,0.0,0.0,32,24538880.0,24535040.0,135153.73531768398,24741273.6,24268800.0,24764416.0,161,1.3120310559006212,0.191,2.252547020658948,5.948,0.17,7.519,161,338254498.1863354,338214912.0,455682.9785875154,338432000.0,337997824.0,343805952.0,66,0.009905208240855824,0.007987022399902344,0.006309374096567146,0.01919269561767578,0.00667572021484375,0.051021575927734375,157,46.75891596800203,43.335914611816406,28.22007412254811,97.06735610961914,3.057241439819336,100.01492500305176,32,0.09956955909729004,0.09393692016601562,0.017387928565471413,0.12671947479248047,0.07724761962890625,0.15020370483398438,0,,,,,,
hfn-01,hybrid,fault_alternate,4,1,1,300.24814105033875,1588,31,13,1,17,17,1514,977.33,1479677.62,295690.947126015,0.9854689564068693,1492,1514,1588,5.171020775658057,4.219651222229004,5.31839507300565,7.111692428588867,3.8552284240722656,132.43722915649414,31,0.2644600406769783,0.3345012664794922,0.17796435081857245,0.48530101776123047,0.07867813110351562,0.8330345153808594,17,17.337322235107422,15.969038009643555,5.303499087117378,22.889328002929673,13.72218132019043,37.001609802246094,17,9750.028441934024,9992.645263671875,567.8912065230661,10053.968238830566,8397.034168243408,10058.504104614258,68,33.68298529411765,13.524000000000001,34.28450869028327,81.96685,0.761,91.23,68,129065923.76470588,129107968.0,248544.29996184967,129384857.6,128466944.0,129441792.0,157,7.299617834394905,4.135,13.869771361108427,20.473999999999993,1.294,123.275,157,292495203.46496814,292495360.0,121178.07597686759,292676403.2,292200448.0,292691968.0,31,0.0,0.0,0.0,0.0,0.0,0.0,31,22929540.129032258,23195648.0,512891.0427672881,23363584.0,21954560.0,23420928.0,158,0.4799240506329114,0.101,0.7171257699951461,1.9024000000000003,0.087,2.227,158,244398961.4177215,245383168.0,1958647.227362795,245719040.0,241442816.0,256258048.0,68,0.015914440155029297,0.01728534698486328,0.01061929824585426,0.02847909927368163,0.0069141387939453125,0.06532669067382812,79,48.28453969351853,46.37789726257324,29.12255618990598,95.96848487854004,3.100872039794922,100.71897506713867,31,9.13381576538086,14.360904693603516,8.438365997140084,19.63663101196289,0.08845329284667969,20.068883895874023,17,5.185253479901482,4.206657409667969,4.181892802858577,7.923316955566394,3.6754608154296875,21.387100219726562
hfn-02,hybrid,fault_alternate,4,1,2,300.10187792778015,1605,31,13,1,17,17,1533,977.33,1498246.8900000001,299547.6536859036,0.9863013698630136,1512,1533,1605,5.187189393325758,4.240512847900391,4.4299446354342695,7.6157093048095685,3.9014816284179688,84.62119102478027,31,0.2827182892830141,0.32830238342285156,0.23110007217429754,0.5584955215454102,0.07462501525878906,1.1687278747558594,17,17.59209352381089,16.819238662719727,3.432950032068428,23.869991302490234,12.265205383300781,24.581432342529297,17,10002.881512922399,10011.817216873169,60.38394971515967,10059.91907119751,9797.459602355957,10075.682163238525,68,28.21775,1.7725,33.75189101673007,87.1464,0.103,95.835,68,135787279.05882353,135778304.0,108171.67012489188,135977574.4,135573504.0,136048640.0,157,7.2071273885350315,3.992,15.569734612598413,17.553399999999954,0.888,145.378,157,292530632.56050956,292528128.0,115671.81809599316,292692787.2,292196352.0,292708352.0,31,0.0,0.0,0.0,0.0,0.0,0.0,31,23382610.580645163,23367680.0,139189.8843893416,23611392.0,23117824.0,23658496.0,158,0.49653164556962026,0.103,0.7362757866615107,1.9449000000000003,0.09,2.206,158,246044386.83544305,245993472.0,582992.4414158262,246173696.0,245714944.0,253194240.0,68,0.0160827356226304,0.01728534698486328,0.010899156105385109,0.027096271514892578,0.006198883056640625,0.07581710815429688,79,41.83264020123059,36.27324104309082,30.120853444389383,93.6614990234375,3.078460693359375,99.4863510131836,31,9.843072583598476,14.318227767944336,9.393778696301045,24.016141891479492,0.08368492126464844,25.486230850219727,17,4.228788263657513,4.2591094970703125,0.19988122773185715,4.490375518798828,3.8323402404785156,4.526615142822266
hfn-03,hybrid,fault_alternate,4,1,3,300.8845829963684,1631,32,14,0,18,18,1612,977.33,1575455.96,314164.84240783093,0.9844913151364765,1587,1612,1631,4.997489936215829,4.227876663208008,3.802708654852581,7.2699785232543945,3.8645267486572266,72.58415222167969,32,0.333443284034729,0.3116130828857422,0.27130874513992986,0.9339809417724609,0.06818771362304688,0.946044921875,18,16.35921001434326,16.12257957458496,1.5772278856940585,19.537174701690674,13.764381408691406,19.597768783569336,18,9711.800985866123,10013.375401496887,885.6096891006481,10055.466723442078,7101.686239242554,10057.86657333374,68,28.809691176470587,2.1425,32.72405391549767,82.1482,0.072,92.871,68,136012860.2352941,135979008.0,254399.87513174664,136202854.4,135749632.0,137854976.0,158,7.345575949367088,4.0785,14.92976737089269,21.514850000000006,0.066,144.078,158,292552004.0506329,292517888.0,255650.61250202364,292697292.8,292261888.0,294981632.0,32,0.0,0.0,0.0,0.0,0.0,0.0,32,23449728.0,23459840.0,122006.98047084398,23644569.6,23117824.0,23703552.0,158,0.4925126582278481,0.103,0.7136991171180292,1.95335,0.089,2.025,158,246023492.05063292,246001664.0,246816.70641779367,246198272.0,245731328.0,248717312.0,68,0.014431336346794577,0.014543533325195312,0.007364293159086539,0.02129077911376953,0.0069141387939453125,0.05125999450683594,81,53.24520888151946,51.79095268249512,33.77575283204319,100.74853897094727,2.9959678649902344,136.90710067749023,32,9.47156548500061,14.577150344848633,8.482043781073362,19.145047664642334,0.07700920104980469,19.833803176879883,18,4.234737820095486,4.281401634216309,0.16220040175154843,4.417324066162109,3.8542747497558594,4.519462585449219
hfn-04,hybrid,fault_alternate,4,1,4,299.2060558795929,1621,32,14,0,18,18,1613,977.33,1576433.29,316123.27204387693,0.9845009299442034,1588,1613,1621,4.677662358175157,4.212856292724609,1.8231378016750333,6.376743316650391,3.785848617553711,29.15334701538086,32,0.29105693101882935,0.30922889709472656,0.22284241846773514,0.6813287734985349,0.07534027099609375,0.9541511535644531,18,17.62266953786214,16.187667846679688,4.638832042597739,26.418662071228017,13.720512390136719,32.23609924316406,18,9589.343812730578,9992.506504058838,963.043439686294,10057.534992694855,7000.497341156006,10074.723243713379,69,35.86934782608696,27.82,35.84338193644601,87.6776,0.168,97.615,69,136017712.23188406,135999488.0,113983.5277756428,136227225.6,135782400.0,136261632.0,157,5.963312101910828,4.105,7.515943590942151,15.313599999999992,0.111,55.933,157,292544512.0,292548608.0,163022.04024782692,292712448.0,292253696.0,293953536.0,32,0.0,0.0,0.0,0.0,0.0,0.0,32,23437184.0,23394304.0,249155.3497119107,23592960.0,23179264.0,24657920.0,158,0.4962784810126582,0.103,0.7054281337533056,1.9192,0.091,1.998,158,246089753.92405063,246005760.0,724570.9498505876,246240460.8,245747712.0,253919232.0,69,0.013385993846948597,0.01049041748046875,0.006047106526992941,0.022459030151367184,0.0069141387939453125,0.02765655517578125,76,48.35192467037,45.43137550354004,31.648873299836158,96.05062007904053,3.050565719604492,153.98883819580078,32,10.362274944782257,14.007568359375,9.92973447284532,26.068806648254395,0.08559226989746094,32.31406211853027,18,4.16258970896403,4.148364067077637,0.19073474494846263,4.394817352294922,3.8137435913085938,4.558563232421875
hfn-05,hybrid,fault_alternate,4,1,5,302.5754818916321,1603,31,13,1,17,17,1516,977.33,1481632.28,293804.16497804323,0.9854881266490765,1494,1516,1603,5.29221720942392,4.247426986694336,5.0167729586327985,8.13148021697997,3.881216049194336,103.59859466552734,31,0.318611821820659,0.3612041473388672,0.2728052473267519,0.6402730941772461,0.0743865966796875,1.3396739959716797,17,17.635303385117474,16.300439834594727,4.068119609533806,23.51961135864257,11.649847030639648,30.083179473876953,17,9833.82053936229,9996.527194976807,416.24131220838655,10061.976385116577,8785.579919815063,10074.62191581726,68,25.596720588235293,1.8980000000000001,32.41944038982506,82.70835,0.839,97.958,68,136100261.6470588,136048640.0,387743.4196063074,136227430.4,135847936.0,139141120.0,158,5.849784810126582,4.021,7.347696259564975,13.378000000000002,1.027,51.398,158,292529424.20253164,292521984.0,179929.71615332484,292696678.4,292233216.0,294264832.0,31,0.0,0.0,0.0,0.0,0.0,0.0,31,23649511.225806452,23638016.0,111153.99634222474,23828480.0,23416832.0,23863296.0,159,0.4972264150943396,0.103,0.7104223554304122,1.9422,0.088,2.04,159,246100612.02515724,246042624.0,574164.2188848015,246239232.0,245772288.0,252690432.0,68,0.03345924265244428,0.017762184143066406,0.1117247303341209,0.07656812667846673,0.007152557373046875,0.9160041809082031,84,45.543804055168515,40.96794128417969,31.102079423026648,97.1213698387146,3.064870834350586,101.30453109741211,31,9.962251109461631,14.384746551513672,9.779628258564657,23.168206214904785,0.08368492126464844,33.04910659790039,17,4.286555682911592,4.26936149597168,0.2526100523181275,4.701852798461914,3.8018226623535156,4.719018936157227
hfs-01,hybrid,fault_sustained,4,1,1,299.5356230735779,2216,31,8,0,23,23,2139,977.33,2090508.87,418749.96674164955,0.9869097709209911,2111,2139,2216,4.081786647170029,3.98409366607666,0.6850060903099263,4.314899444580078,3.6668777465820312,15.768051147460938,31,0.3479142342844317,0.34356117248535156,0.22367543647447063,0.8732080459594727,0.06771087646484375,0.9050369262695312,23,17.151905142742656,16.793012619018555,3.0230110417294025,18.712449073791504,14.234781265258789,30.289411544799805,23,9994.251417077106,9997.819900512695,41.68128853246232,10051.325678825378,9901.472330093384,10054.722785949707,66,19.162378787878787,1.311,31.685920232453235,83.128,0.757,92.113,66,156082176.0,156110848.0,306827.983976991,156505088.0,155492352.0,156786688.0,159,8.583786163522012,3.699,28.69055592804562,19.14949999999999,1.164,331.308,159,300150990.0880503,300175360.0,132683.80017213398,300306841.6,299839488.0,300920832.0,31,0.0,0.0,0.0,0.0,0.0,0.0,31,23447353.80645161,23674880.0,515939.7634823546,23945216.0,22536192.0,23969792.0,159,0.5292138364779875,0.106,0.7446493896312723,2.032,0.093,2.068,159,242482993.9119497,243425280.0,1738873.03873633,243867648.0,239591424.0,248295424.0,66,0.01723477334687204,0.01811981201171875,0.00967112326211749,0.024199485778808594,0.007152557373046875,0.07653236389160156,55,42.298659411343664,36.87644004821777,31.838822132702916,94.55902576446532,2.780437469482422,100.47602653503418,31,12.399873425883632,16.42298698425293,7.4297514484772345,17.70651340484619,0.07605552673339844,19.086122512817383,23,4.844655161318571,4.389762878417969,2.3486557961735057,4.566431045532227,4.008054733276367,15.601158142089844
hfs-02,hybrid,fault_sustained,4,1,2,299.6935839653015,2219,32,8,0,24,24,2200,977.33,2150126.0,430464.8711296285,0.9872727272727273,2172,2200,2219,4.096919214902777,3.9739608764648438,0.8592840356449047,4.311537742614746,3.6499500274658203,18.56374740600586,32,0.32244622707366943,0.3478527069091797,0.19403513379253456,0.5033016204833984,0.06699562072753906,1.0874271392822266,24,16.636749108632404,16.599178314208984,1.6441078950698407,19.30927038192749,13.206958770751953,20.311832427978516,24,9847.49667843183,10004.522204399109,759.5527558376489,10054.758834838867,6286.46993637085,10062.75749206543,66,19.850787878787877,1.35,33.007316239569185,86.2015,0.783,93.012,66,156736667.15151516,156741632.0,116612.97812458262,156901376.0,156516352.0,156962816.0,159,6.908553459119497,3.649,17.534363113412763,16.338699999999996,0.061,178.291,159,300172732.3773585,300183552.0,154950.7753753634,300327321.6,299831296.0,301404160.0,32,0.0,0.0,0.0,0.0,0.0,0.0,32,23758720.0,23752704.0,135613.63879264003,23961190.4,23486464.0,23990272.0,159,0.5355786163522013,0.105,0.7978086632044987,2.0741,0.092,2.675,159,243818985.4591195,243826688.0,126755.3407593623,244015104.0,243552256.0,244133888.0,66,0.01637863390373461,0.01823902130126953,0.007813995392692157,0.020802021026611328,0.0069141387939453125,0.06461143493652344,54,38.2994016011556,32.17911720275879,29.506007510717957,90.50217866897582,2.928018569946289,99.79867935180664,32,12.52361387014389,16.46578311920166,7.430090624874955,19.13822889328003,0.07486343383789062,20.25127410888672,24,4.383852084477742,4.392504692077637,0.2313964577135166,4.662001132965088,3.9815902709960938,5.057573318481445
hfs-03,hybrid,fault_sustained,4,1,3,300.0058259963989,2216,32,8,0,24,24,2203,977.33,2153057.99,430603.2356903317,0.9872900590104403,2175,2203,2216,4.0779774369745905,3.9658546447753906,0.7159721162144823,4.385054111480713,3.6818981170654297,20.844459533691406,32,0.3032982349395752,0.3453493118286133,0.16461829240921078,0.45076608657836914,0.05507469177246094,0.8711814880371094,24,16.310006380081177,16.56031608581543,1.3244465449872453,17.111635208129883,13.292074203491211,20.352840423583984,24,9858.520636955896,10003.329396247864,696.0306345190033,10041.738891601562,6595.184803009033,10052.627325057983,66,14.334515151515152,1.307,28.250341990165452,82.17075,0.078,91.092,66,156804871.75757575,156776448.0,302863.874845554,156909568.0,156512256.0,159100928.0,159,5.5447106918239,3.651,11.02257815493244,14.348199999999991,0.072,117.769,159,300181413.836478,300199936.0,110284.16655879495,300323225.6,299855872.0,300339200.0,32,0.0,0.0,0.0,0.0,0.0,0.0,32,23734784.0,23742464.0,118328.64891070234,23930675.2,23478272.0,23945216.0,159,0.5182138364779875,0.105,0.7586701586860775,2.0332,0.091,2.329,159,243970151.04402515,243965952.0,164511.96661823514,244137984.0,243724288.0,245366784.0,66,0.019879052133271187,0.018596649169921875,0.013488791732011425,0.039517879486083984,0.0069141387939453125,0.09799003601074219,49,49.038346932858836,47.97220230102539,28.902409804834367,97.48778343200684,2.756357192993164,101.20010375976562,32,12.267746031284332,16.259193420410156,7.2364799434966995,17.088186740875244,0.062465667724609375,20.354747772216797,24,4.448334376017253,4.443883895874023,0.14928784129706957,4.614651203155518,4.135847091674805,4.656791687011719
hfs-04,hybrid,fault_sustained,4,1,4,299.5980999469757,2211,32,8,1,23,23,2140,977.33,2091486.2000000002,418858.3706712749,0.9883177570093458,2115,2140,2211,4.131444920678313,3.9734840393066406,1.1059948599141174,4.41288948059082,3.6773681640625,27.05860137939453,32,0.3449767827987671,0.34999847412109375,0.2260030610065349,0.8847713470458984,0.06961822509765625,0.9441375732421875,23,16.586593959642492,16.61849021911621,1.2231350610834015,18.613553047180176,14.165163040161133,19.582271575927734,23,10008.046948391458,10008.140802383423,30.024257242016567,10049.859356880188,9960.631132125854,10057.263612747192,66,16.43230303030303,1.339,28.453676508679965,81.67825,0.083,88.715,66,156792521.6969697,156766208.0,248123.33001504093,156953600.0,156524544.0,158560256.0,159,9.028867924528301,3.634,23.839297957686526,35.862199999999994,1.149,197.655,159,300190249.8616352,300191744.0,210679.89833077166,300335104.0,299851776.0,302370816.0,32,0.0,0.0,0.0,0.0,0.0,0.0,32,23839744.0,23758848.0,426397.9725473799,24053555.2,23519232.0,26050560.0,159,0.5141509433962265,0.104,0.732968830296223,2.011,0.09,2.05,159,244182473.25786164,244142080.0,591116.3523644357,244408320.0,243863552.0,251379712.0,66,0.01635334708473899,0.018477439880371094,0.005286722240306236,0.02181529998779297,0.007152557373046875,0.028133392333984375,50,49.886531829833984,53.35640907287598,30.57227838906828,94.83795166015624,2.951383590698242,100.15511512756348,32,12.02952116727829,16.25204086303711,7.692040467948581,19.123899936676025,0.07867813110351562,19.878625869750977,23,4.4335489687712295,4.466533660888672,0.22330242982923135,4.7148942947387695,3.9336681365966797,4.728555679321289
hfs-05,hybrid,fault_sustained,4,1,5,299.8780269622803,2217,31,8,0,23,23,2135,977.33,2086599.55,417489.6516034088,0.9868852459016394,2107,2135,2217,4.130543810750216,3.987550735473633,1.1721528563015973,4.346942901611328,3.695964813232422,33.08391571044922,31,0.3351703766853579,0.3609657287597656,0.19556963594820587,0.7089376449584961,0.07581710815429688,0.8826255798339844,23,16.40215127364449,16.414165496826172,0.9741975078643038,17.371439933776855,14.311552047729492,18.96190643310547,23,9968.876123428345,9985.231876373291,92.83921868936982,10040.57879447937,9624.173164367676,10056.490182876587,66,2.6286060606060606,1.283,10.233976489921714,1.4185,0.775,83.82,66,156992853.33333334,157009920.0,240120.8927492299,157349888.0,156594176.0,157413376.0,158,6.143075949367089,3.643,10.425007002422799,20.37315000000001,0.073,94.471,158,300164990.37974685,300185600.0,118328.97074388462,300326912.0,299872256.0,300445696.0,31,0.0,0.0,0.0,0.0,0.0,0.0,31,23863824.51612903,23846912.0,129607.7871888545,24051712.0,23642112.0,24104960.0,158,0.5210822784810126,0.105,0.7414121228185383,2.03475,0.09,2.066,158,244210986.12658226,244158464.0,489110.087760912,244400742.4,243908608.0,250085376.0,66,0.019268556074662643,0.018835067749023438,0.004786477028122495,0.02384185791015625,0.0073909759521484375,0.05054473876953125,49,51.208131167353415,51.83005332946777,31.240057054418944,98.93183708190917,2.9022693634033203,100.43525695800781,31,12.289954769995905,16.22939109802246,7.36476382516851,18.008708953857422,0.08392333984375,18.92399787902832,23,4.4205499731976055,4.445552825927734,0.19603671928679448,4.6749114990234375,3.9446353912353516,4.71949577331543
hnf-01,hybrid,fault_free,0,150,1,301.52041697502136,34,32,31,1,0,0,0,983.644,0.0,0.0,,0,0,34,3.897596808040843,3.8846731185913086,0.10918232405243981,4.084956645965576,3.7300586700439453,4.212617874145508,32,0.08329004049301147,0.07641315460205078,0.019620598135657707,0.11698007583618163,0.061511993408203125,0.15401840209960938,0,,,,,,,0,,,,,,,66,68.28584848484849,77.93799999999999,26.741318830167856,91.55375000000001,0.065,95.952,66,90795349.33333333,90761216.0,238486.01550520465,90986496.0,90537984.0,92495872.0,159,4.1570062893081765,3.655,1.4378014400371328,6.0336,0.072,17.411,159,288472984.9559748,288468992.0,126690.47233772663,288658227.2,288231424.0,289447936.0,32,0.0,0.0,0.0,0.0,0.0,0.0,32,21810944.0,21786624.0,114442.05887809806,22018457.6,21549056.0,22044672.0,159,0.46257861635220127,0.098,0.7272349783371677,2.0002,0.079,2.255,159,241600859.7735849,241565696.0,312040.18879081367,241819648.0,241315840.0,245100544.0,66,0.00951506874778054,0.007867813110351562,0.006864789929073437,0.018537044525146484,0.00667572021484375,0.05936622619628906,156,50.65323909123739,50.70054531097412,30.636226008951958,97.59789705276489,2.8896331787109375,101.06086730957031,32,0.09382516145706177,0.08606910705566406,0.021923470392398923,0.14488697052001953,0.07009506225585938,0.1628398895263672,0,,,,,,
hnf-02,hybrid,fault_free,0,150,2,300.090292930603,34,32,32,0,0,0,0,983.644,0.0,0.0,,0,0,34,4.158861496869256,3.932833671569824,0.9441012154152155,5.0140142440795845,3.7689208984375,8.757829666137695,32,0.08703023195266724,0.0807046890258789,0.017580868851770282,0.11955499649047852,0.06604194641113281,0.12040138244628906,0,,,,,,,0,,,,,,,66,52.99418181818182,59.739000000000004,34.025577684988725,92.1195,0.07,98.916,66,91002942.06060606,91009024.0,108969.09789701196,91191296.0,90755072.0,91226112.0,159,4.064490566037736,3.665,0.9991337695561087,5.9254999999999995,1.146,9.617,159,288511085.4842767,288501760.0,135511.57702259268,288698368.0,288260096.0,289640448.0,32,0.0,0.0,0.0,0.0,0.0,0.0,32,21815040.0,21798912.0,116369.46190696307,21972172.8,21544960.0,22052864.0,160,0.5061125,0.108,0.8058298663040934,2.1995499999999995,0.091,2.315,160,241593344.0,241586176.0,132267.65347572643,241782784.0,241315840.0,241860608.0,66,0.010960029833244555,0.007867813110351562,0.006875513300988068,0.020563602447509766,0.0064373016357421875,0.0476837158203125,157,52.004363126815505,50.96888542175293,28.421473356011052,97.36261367797852,3.0062198638916016,101.03464126586914,32,0.09678304195404053,0.09202957153320312,0.017888410022215567,0.12969970703125,0.07486343383789062,0.12969970703125,0,,,,,,
hnf-03,hybrid,fault_free,0,150,3,301.8919401168823,34,32,31,1,0,0,0,983.644,0.0,0.0,,0,0,34,3.9379035725313076,3.905653953552246,0.12663828266438326,4.075586795806885,3.7927627563476562,4.544258117675781,32,0.08885562419891357,0.07915496826171875,0.026116986035138397,0.15360116958618164,0.062465667724609375,0.17261505126953125,0,,,,,,,0,,,,,,,66,61.973651515151516,72.214,29.0397507361057,91.88225,0.062,93.985,66,91278491.15151516,91248640.0,284795.6375806906,91408384.0,91009024.0,93425664.0,160,4.03464375,3.6734999999999998,0.9693691740292633,5.91675,0.065,6.373,160,288525184.0,288501760.0,281208.3301112804,288703283.2,288251904.0,291794944.0,32,0.0,0.0,0.0,0.0,0.0,0.0,32,21818112.0,21805056.0,124226.6681005123,22056960.0,21618688.0,22085632.0,160,0.51208125,0.111,0.8245030519440751,2.2282,0.093,2.419,160,241593548.8,241590272.0,128755.41752797246,241799168.0,241344512.0,242462720.0,66,0.008984045548872515,0.007748603820800781,0.003477004698729541,0.019252300262451172,0.00667572021484375,0.020265579223632812,155,49.49634305892452,46.62656784057617,29.297405041296166,97.29795455932617,2.764463424682617,100.69918632507324,32,0.09848922491073608,0.0890493392944336,0.026524595130577675,0.16391277313232422,0.07009506225585938,0.18310546875,0,,,,,,
hnf-04,hybrid,fault_free,0,150,4,300.083664894104,34,32,31,1,0,0,0,983.644,0.0,0.0,,0,0,34,3.9750127231373504,3.9228200912475586,0.22572276180684417,4.638731479644775,3.72314453125,4.645109176635742,32,0.08378177881240845,0.0768899917602539,0.01893908107406187,0.11514425277709961,0.06175041198730469,0.14352798461914062,0,,,,,,,0,,,,,,,66,57.12859090909091,69.74199999999999,33.25879204336676,90.972,0.14,95.707,66,91291399.75757575,91299840.0,120006.24834579504,91470848.0,91021312.0,91553792.0,159,4.015572327044025,3.666,1.0242873005978692,5.847300000000001,0.062,9.273,159,288516675.6226415,288493568.0,200050.75288329498,288714752.0,288280576.0,290631680.0,32,0.0,0.0,0.0,0.0,0.0,0.0,32,21864576.0,21870592.0,114127.36704735324,22013747.2,21667840.0,22102016.0,159,0.4519874213836478,0.098,0.7035894857072119,1.8822999999999999,0.086,2.02,159,241633112.5534591,241594368.0,393985.33808830054,241820057.6,241324032.0,246329344.0,66,0.009840184992009943,0.00762939453125,0.0044644295472274,0.019490718841552734,0.00667572021484375,0.02002716064453125,155,52.95345552505985,52.24466323852539,28.82753146378131,97.40722179412842,2.7740001678466797,100.97098350524902,32,0.09623914957046509,0.08845329284667969,0.02287565112011928,0.13848543167114255,0.07009506225585938,0.16689300537109375,0,,,,,,
hnf-05,hybrid,fault_free,0,150,5,300.56594705581665,34,32,32,0,0,0,0,983.644,0.0,0.0,,0,0,34,4.07873882966883,3.9707422256469727,0.41656038401149603,4.614734649658202,3.8170814514160156,6.20269775390625,32,0.08441507816314697,0.0749826431274414,0.022197924768250672,0.1148223876953125,0.06222724914550781,0.1690387725830078,0,,,,,,,0,,,,,,,66,54.908272727272724,75.2405,37.59339937216698,91.83975,0.066,92.755,66,82825774.54545455,82790400.0,374557.87622283347,82949120.0,82567168.0,85676032.0,159,4.458805031446541,3.689,3.625406132601372,6.6143,0.063,47.211,159,300055828.9308176,300048384.0,123902.21559482021,300225740.8,299806720.0,300863488.0,32,0.0,0.0,0.0,0.0,0.0,0.0,32,22009344.0,22007808.0,125303.78595109335,22200524.8,21762048.0,22253568.0,160,0.4712125,0.103,0.7516935126430755,2.0232,0.091,2.084,160,239907046.4,239857664.0,793084.3169076161,239988736.0,239603712.0,249782272.0,66,0.010895006584398674,0.008106231689453125,0.004842073005840139,0.019490718841552734,0.0069141387939453125,0.021696090698242188,156,48.305033109126946,46.5850830078125,29.787096055400053,97.26053476333618,2.8069019317626953,100.36063194274902,32,0.0935867428779602,0.0845193862915039,0.022482169732726542,0.12369155883789062,0.07009506225585938,0.1785755157470703,0,,,,,,
